"Date","Market","Component","Delmo","Segment","Price"
2017-07-03,"NYMEX ","NG    ",2018-01-01,"rtcPrice",3.301
2017-07-03,"NYMEX ","NG    ",2018-02-01,"rtcPrice",3.283
2017-07-03,"NYMEX ","NG    ",2018-03-01,"rtcPrice",3.222
2017-07-03,"NYMEX ","NG    ",2018-04-01,"rtcPrice",2.824
2017-07-03,"NYMEX ","NG    ",2018-05-01,"rtcPrice",2.792
2017-07-03,"NYMEX ","NG    ",2018-06-01,"rtcPrice",2.82
2017-07-03,"NYMEX ","NG    ",2018-07-01,"rtcPrice",2.848
2017-07-03,"NYMEX ","NG    ",2018-08-01,"rtcPrice",2.855
2017-07-03,"NYMEX ","NG    ",2018-09-01,"rtcPrice",2.831
2017-07-03,"NYMEX ","NG    ",2018-10-01,"rtcPrice",2.85
2017-07-03,"NYMEX ","NG    ",2018-11-01,"rtcPrice",2.897
2017-07-03,"NYMEX ","NG    ",2018-12-01,"rtcPrice",3.023
2017-07-05,"NYMEX ","NG    ",2018-01-01,"rtcPrice",3.181
2017-07-05,"NYMEX ","NG    ",2018-02-01,"rtcPrice",3.168
2017-07-05,"NYMEX ","NG    ",2018-03-01,"rtcPrice",3.116
2017-07-05,"NYMEX ","NG    ",2018-04-01,"rtcPrice",2.769
2017-07-05,"NYMEX ","NG    ",2018-05-01,"rtcPrice",2.742
2017-07-05,"NYMEX ","NG    ",2018-06-01,"rtcPrice",2.771
2017-07-05,"NYMEX ","NG    ",2018-07-01,"rtcPrice",2.8
2017-07-05,"NYMEX ","NG    ",2018-08-01,"rtcPrice",2.808
2017-07-05,"NYMEX ","NG    ",2018-09-01,"rtcPrice",2.785
2017-07-05,"NYMEX ","NG    ",2018-10-01,"rtcPrice",2.805
2017-07-05,"NYMEX ","NG    ",2018-11-01,"rtcPrice",2.854
2017-07-05,"NYMEX ","NG    ",2018-12-01,"rtcPrice",2.984
2017-07-06,"NYMEX ","NG    ",2018-01-01,"rtcPrice",3.217
2017-07-06,"NYMEX ","NG    ",2018-02-01,"rtcPrice",3.204
2017-07-06,"NYMEX ","NG    ",2018-03-01,"rtcPrice",3.149
2017-07-06,"NYMEX ","NG    ",2018-04-01,"rtcPrice",2.79
2017-07-06,"NYMEX ","NG    ",2018-05-01,"rtcPrice",2.757
2017-07-06,"NYMEX ","NG    ",2018-06-01,"rtcPrice",2.784
2017-07-06,"NYMEX ","NG    ",2018-07-01,"rtcPrice",2.812
2017-07-06,"NYMEX ","NG    ",2018-08-01,"rtcPrice",2.82
2017-07-06,"NYMEX ","NG    ",2018-09-01,"rtcPrice",2.797
2017-07-06,"NYMEX ","NG    ",2018-10-01,"rtcPrice",2.815
2017-07-06,"NYMEX ","NG    ",2018-11-01,"rtcPrice",2.863
2017-07-06,"NYMEX ","NG    ",2018-12-01,"rtcPrice",2.993
2017-07-07,"NYMEX ","NG    ",2018-01-01,"rtcPrice",3.201
2017-07-07,"NYMEX ","NG    ",2018-02-01,"rtcPrice",3.189
2017-07-07,"NYMEX ","NG    ",2018-03-01,"rtcPrice",3.137
2017-07-07,"NYMEX ","NG    ",2018-04-01,"rtcPrice",2.786
2017-07-07,"NYMEX ","NG    ",2018-05-01,"rtcPrice",2.757
2017-07-07,"NYMEX ","NG    ",2018-06-01,"rtcPrice",2.784
2017-07-07,"NYMEX ","NG    ",2018-07-01,"rtcPrice",2.812
2017-07-07,"NYMEX ","NG    ",2018-08-01,"rtcPrice",2.82
2017-07-07,"NYMEX ","NG    ",2018-09-01,"rtcPrice",2.797
2017-07-07,"NYMEX ","NG    ",2018-10-01,"rtcPrice",2.816
2017-07-07,"NYMEX ","NG    ",2018-11-01,"rtcPrice",2.867
2017-07-07,"NYMEX ","NG    ",2018-12-01,"rtcPrice",3.001
2017-07-10,"NYMEX ","NG    ",2018-01-01,"rtcPrice",3.269
2017-07-10,"NYMEX ","NG    ",2018-02-01,"rtcPrice",3.255
2017-07-10,"NYMEX ","NG    ",2018-03-01,"rtcPrice",3.199
2017-07-10,"NYMEX ","NG    ",2018-04-01,"rtcPrice",2.822
2017-07-10,"NYMEX ","NG    ",2018-05-01,"rtcPrice",2.786
2017-07-10,"NYMEX ","NG    ",2018-06-01,"rtcPrice",2.811
2017-07-10,"NYMEX ","NG    ",2018-07-01,"rtcPrice",2.838
2017-07-10,"NYMEX ","NG    ",2018-08-01,"rtcPrice",2.846
2017-07-10,"NYMEX ","NG    ",2018-09-01,"rtcPrice",2.824
2017-07-10,"NYMEX ","NG    ",2018-10-01,"rtcPrice",2.843
2017-07-10,"NYMEX ","NG    ",2018-11-01,"rtcPrice",2.893
2017-07-10,"NYMEX ","NG    ",2018-12-01,"rtcPrice",3.026
2017-07-11,"NYMEX ","NG    ",2018-01-01,"rtcPrice",3.367
2017-07-11,"NYMEX ","NG    ",2018-02-01,"rtcPrice",3.351
2017-07-11,"NYMEX ","NG    ",2018-03-01,"rtcPrice",3.287
2017-07-11,"NYMEX ","NG    ",2018-04-01,"rtcPrice",2.879
2017-07-11,"NYMEX ","NG    ",2018-05-01,"rtcPrice",2.839
2017-07-11,"NYMEX ","NG    ",2018-06-01,"rtcPrice",2.865
2017-07-11,"NYMEX ","NG    ",2018-07-01,"rtcPrice",2.89
2017-07-11,"NYMEX ","NG    ",2018-08-01,"rtcPrice",2.896
2017-07-11,"NYMEX ","NG    ",2018-09-01,"rtcPrice",2.872
2017-07-11,"NYMEX ","NG    ",2018-10-01,"rtcPrice",2.889
2017-07-11,"NYMEX ","NG    ",2018-11-01,"rtcPrice",2.937
2017-07-11,"NYMEX ","NG    ",2018-12-01,"rtcPrice",3.066
2017-07-12,"NYMEX ","NG    ",2018-01-01,"rtcPrice",3.319
2017-07-12,"NYMEX ","NG    ",2018-02-01,"rtcPrice",3.304
2017-07-12,"NYMEX ","NG    ",2018-03-01,"rtcPrice",3.244
2017-07-12,"NYMEX ","NG    ",2018-04-01,"rtcPrice",2.856
2017-07-12,"NYMEX ","NG    ",2018-05-01,"rtcPrice",2.818
2017-07-12,"NYMEX ","NG    ",2018-06-01,"rtcPrice",2.844
2017-07-12,"NYMEX ","NG    ",2018-07-01,"rtcPrice",2.871
2017-07-12,"NYMEX ","NG    ",2018-08-01,"rtcPrice",2.877
2017-07-12,"NYMEX ","NG    ",2018-09-01,"rtcPrice",2.853
2017-07-12,"NYMEX ","NG    ",2018-10-01,"rtcPrice",2.87
2017-07-12,"NYMEX ","NG    ",2018-11-01,"rtcPrice",2.918
2017-07-12,"NYMEX ","NG    ",2018-12-01,"rtcPrice",3.048
2017-07-13,"NYMEX ","NG    ",2018-01-01,"rtcPrice",3.3
2017-07-13,"NYMEX ","NG    ",2018-02-01,"rtcPrice",3.287
2017-07-13,"NYMEX ","NG    ",2018-03-01,"rtcPrice",3.23
2017-07-13,"NYMEX ","NG    ",2018-04-01,"rtcPrice",2.864
2017-07-13,"NYMEX ","NG    ",2018-05-01,"rtcPrice",2.828
2017-07-13,"NYMEX ","NG    ",2018-06-01,"rtcPrice",2.856
2017-07-13,"NYMEX ","NG    ",2018-07-01,"rtcPrice",2.883
2017-07-13,"NYMEX ","NG    ",2018-08-01,"rtcPrice",2.889
2017-07-13,"NYMEX ","NG    ",2018-09-01,"rtcPrice",2.865
2017-07-13,"NYMEX ","NG    ",2018-10-01,"rtcPrice",2.882
2017-07-13,"NYMEX ","NG    ",2018-11-01,"rtcPrice",2.931
2017-07-13,"NYMEX ","NG    ",2018-12-01,"rtcPrice",3.066
2017-07-14,"NYMEX ","NG    ",2018-01-01,"rtcPrice",3.329
2017-07-14,"NYMEX ","NG    ",2018-02-01,"rtcPrice",3.314
2017-07-14,"NYMEX ","NG    ",2018-03-01,"rtcPrice",3.257
2017-07-14,"NYMEX ","NG    ",2018-04-01,"rtcPrice",2.881
2017-07-14,"NYMEX ","NG    ",2018-05-01,"rtcPrice",2.843
2017-07-14,"NYMEX ","NG    ",2018-06-01,"rtcPrice",2.869
2017-07-14,"NYMEX ","NG    ",2018-07-01,"rtcPrice",2.895
2017-07-14,"NYMEX ","NG    ",2018-08-01,"rtcPrice",2.901
2017-07-14,"NYMEX ","NG    ",2018-09-01,"rtcPrice",2.876
2017-07-14,"NYMEX ","NG    ",2018-10-01,"rtcPrice",2.893
2017-07-14,"NYMEX ","NG    ",2018-11-01,"rtcPrice",2.942
2017-07-14,"NYMEX ","NG    ",2018-12-01,"rtcPrice",3.077
2017-07-17,"NYMEX ","NG    ",2018-01-01,"rtcPrice",3.354
2017-07-17,"NYMEX ","NG    ",2018-02-01,"rtcPrice",3.339
2017-07-17,"NYMEX ","NG    ",2018-03-01,"rtcPrice",3.278
2017-07-17,"NYMEX ","NG    ",2018-04-01,"rtcPrice",2.889
2017-07-17,"NYMEX ","NG    ",2018-05-01,"rtcPrice",2.848
2017-07-17,"NYMEX ","NG    ",2018-06-01,"rtcPrice",2.873
2017-07-17,"NYMEX ","NG    ",2018-07-01,"rtcPrice",2.898
2017-07-17,"NYMEX ","NG    ",2018-08-01,"rtcPrice",2.903
2017-07-17,"NYMEX ","NG    ",2018-09-01,"rtcPrice",2.879
2017-07-17,"NYMEX ","NG    ",2018-10-01,"rtcPrice",2.896
2017-07-17,"NYMEX ","NG    ",2018-11-01,"rtcPrice",2.944
2017-07-17,"NYMEX ","NG    ",2018-12-01,"rtcPrice",3.077
2017-07-18,"NYMEX ","NG    ",2018-01-01,"rtcPrice",3.403
2017-07-18,"NYMEX ","NG    ",2018-02-01,"rtcPrice",3.386
2017-07-18,"NYMEX ","NG    ",2018-03-01,"rtcPrice",3.323
2017-07-18,"NYMEX ","NG    ",2018-04-01,"rtcPrice",2.912
2017-07-18,"NYMEX ","NG    ",2018-05-01,"rtcPrice",2.868
2017-07-18,"NYMEX ","NG    ",2018-06-01,"rtcPrice",2.891
2017-07-18,"NYMEX ","NG    ",2018-07-01,"rtcPrice",2.915
2017-07-18,"NYMEX ","NG    ",2018-08-01,"rtcPrice",2.92
2017-07-18,"NYMEX ","NG    ",2018-09-01,"rtcPrice",2.896
2017-07-18,"NYMEX ","NG    ",2018-10-01,"rtcPrice",2.915
2017-07-18,"NYMEX ","NG    ",2018-11-01,"rtcPrice",2.963
2017-07-18,"NYMEX ","NG    ",2018-12-01,"rtcPrice",3.093
2017-07-19,"NYMEX ","NG    ",2018-01-01,"rtcPrice",3.392
2017-07-19,"NYMEX ","NG    ",2018-02-01,"rtcPrice",3.375
2017-07-19,"NYMEX ","NG    ",2018-03-01,"rtcPrice",3.312
2017-07-19,"NYMEX ","NG    ",2018-04-01,"rtcPrice",2.904
2017-07-19,"NYMEX ","NG    ",2018-05-01,"rtcPrice",2.862
2017-07-19,"NYMEX ","NG    ",2018-06-01,"rtcPrice",2.886
2017-07-19,"NYMEX ","NG    ",2018-07-01,"rtcPrice",2.911
2017-07-19,"NYMEX ","NG    ",2018-08-01,"rtcPrice",2.917
2017-07-19,"NYMEX ","NG    ",2018-09-01,"rtcPrice",2.894
2017-07-19,"NYMEX ","NG    ",2018-10-01,"rtcPrice",2.913
2017-07-19,"NYMEX ","NG    ",2018-11-01,"rtcPrice",2.962
2017-07-19,"NYMEX ","NG    ",2018-12-01,"rtcPrice",3.091
2017-07-20,"NYMEX ","NG    ",2018-01-01,"rtcPrice",3.371
2017-07-20,"NYMEX ","NG    ",2018-02-01,"rtcPrice",3.356
2017-07-20,"NYMEX ","NG    ",2018-03-01,"rtcPrice",3.296
2017-07-20,"NYMEX ","NG    ",2018-04-01,"rtcPrice",2.907
2017-07-20,"NYMEX ","NG    ",2018-05-01,"rtcPrice",2.867
2017-07-20,"NYMEX ","NG    ",2018-06-01,"rtcPrice",2.891
2017-07-20,"NYMEX ","NG    ",2018-07-01,"rtcPrice",2.915
2017-07-20,"NYMEX ","NG    ",2018-08-01,"rtcPrice",2.921
2017-07-20,"NYMEX ","NG    ",2018-09-01,"rtcPrice",2.898
2017-07-20,"NYMEX ","NG    ",2018-10-01,"rtcPrice",2.918
2017-07-20,"NYMEX ","NG    ",2018-11-01,"rtcPrice",2.966
2017-07-20,"NYMEX ","NG    ",2018-12-01,"rtcPrice",3.095
2017-07-21,"NYMEX ","NG    ",2018-01-01,"rtcPrice",3.316
2017-07-21,"NYMEX ","NG    ",2018-02-01,"rtcPrice",3.303
2017-07-21,"NYMEX ","NG    ",2018-03-01,"rtcPrice",3.249
2017-07-21,"NYMEX ","NG    ",2018-04-01,"rtcPrice",2.879
2017-07-21,"NYMEX ","NG    ",2018-05-01,"rtcPrice",2.845
2017-07-21,"NYMEX ","NG    ",2018-06-01,"rtcPrice",2.87
2017-07-21,"NYMEX ","NG    ",2018-07-01,"rtcPrice",2.895
2017-07-21,"NYMEX ","NG    ",2018-08-01,"rtcPrice",2.901
2017-07-21,"NYMEX ","NG    ",2018-09-01,"rtcPrice",2.878
2017-07-21,"NYMEX ","NG    ",2018-10-01,"rtcPrice",2.898
2017-07-21,"NYMEX ","NG    ",2018-11-01,"rtcPrice",2.947
2017-07-21,"NYMEX ","NG    ",2018-12-01,"rtcPrice",3.076
2017-07-24,"NYMEX ","NG    ",2018-01-01,"rtcPrice",3.246
2017-07-24,"NYMEX ","NG    ",2018-02-01,"rtcPrice",3.23
2017-07-24,"NYMEX ","NG    ",2018-03-01,"rtcPrice",3.178
2017-07-24,"NYMEX ","NG    ",2018-04-01,"rtcPrice",2.823
2017-07-24,"NYMEX ","NG    ",2018-05-01,"rtcPrice",2.793
2017-07-24,"NYMEX ","NG    ",2018-06-01,"rtcPrice",2.819
2017-07-24,"NYMEX ","NG    ",2018-07-01,"rtcPrice",2.844
2017-07-24,"NYMEX ","NG    ",2018-08-01,"rtcPrice",2.85
2017-07-24,"NYMEX ","NG    ",2018-09-01,"rtcPrice",2.828
2017-07-24,"NYMEX ","NG    ",2018-10-01,"rtcPrice",2.848
2017-07-24,"NYMEX ","NG    ",2018-11-01,"rtcPrice",2.897
2017-07-24,"NYMEX ","NG    ",2018-12-01,"rtcPrice",3.025
2017-07-25,"NYMEX ","NG    ",2018-01-01,"rtcPrice",3.282
2017-07-25,"NYMEX ","NG    ",2018-02-01,"rtcPrice",3.266
2017-07-25,"NYMEX ","NG    ",2018-03-01,"rtcPrice",3.21
2017-07-25,"NYMEX ","NG    ",2018-04-01,"rtcPrice",2.842
2017-07-25,"NYMEX ","NG    ",2018-05-01,"rtcPrice",2.809
2017-07-25,"NYMEX ","NG    ",2018-06-01,"rtcPrice",2.833
2017-07-25,"NYMEX ","NG    ",2018-07-01,"rtcPrice",2.857
2017-07-25,"NYMEX ","NG    ",2018-08-01,"rtcPrice",2.863
2017-07-25,"NYMEX ","NG    ",2018-09-01,"rtcPrice",2.841
2017-07-25,"NYMEX ","NG    ",2018-10-01,"rtcPrice",2.861
2017-07-25,"NYMEX ","NG    ",2018-11-01,"rtcPrice",2.909
2017-07-25,"NYMEX ","NG    ",2018-12-01,"rtcPrice",3.039
2017-07-26,"NYMEX ","NG    ",2018-01-01,"rtcPrice",3.275
2017-07-26,"NYMEX ","NG    ",2018-02-01,"rtcPrice",3.262
2017-07-26,"NYMEX ","NG    ",2018-03-01,"rtcPrice",3.205
2017-07-26,"NYMEX ","NG    ",2018-04-01,"rtcPrice",2.838
2017-07-26,"NYMEX ","NG    ",2018-05-01,"rtcPrice",2.803
2017-07-26,"NYMEX ","NG    ",2018-06-01,"rtcPrice",2.827
2017-07-26,"NYMEX ","NG    ",2018-07-01,"rtcPrice",2.852
2017-07-26,"NYMEX ","NG    ",2018-08-01,"rtcPrice",2.857
2017-07-26,"NYMEX ","NG    ",2018-09-01,"rtcPrice",2.836
2017-07-26,"NYMEX ","NG    ",2018-10-01,"rtcPrice",2.856
2017-07-26,"NYMEX ","NG    ",2018-11-01,"rtcPrice",2.904
2017-07-26,"NYMEX ","NG    ",2018-12-01,"rtcPrice",3.035
2017-07-27,"NYMEX ","NG    ",2018-01-01,"rtcPrice",3.32
2017-07-27,"NYMEX ","NG    ",2018-02-01,"rtcPrice",3.305
2017-07-27,"NYMEX ","NG    ",2018-03-01,"rtcPrice",3.246
2017-07-27,"NYMEX ","NG    ",2018-04-01,"rtcPrice",2.857
2017-07-27,"NYMEX ","NG    ",2018-05-01,"rtcPrice",2.819
2017-07-27,"NYMEX ","NG    ",2018-06-01,"rtcPrice",2.842
2017-07-27,"NYMEX ","NG    ",2018-07-01,"rtcPrice",2.866
2017-07-27,"NYMEX ","NG    ",2018-08-01,"rtcPrice",2.871
2017-07-27,"NYMEX ","NG    ",2018-09-01,"rtcPrice",2.85
2017-07-27,"NYMEX ","NG    ",2018-10-01,"rtcPrice",2.87
2017-07-27,"NYMEX ","NG    ",2018-11-01,"rtcPrice",2.918
2017-07-27,"NYMEX ","NG    ",2018-12-01,"rtcPrice",3.045
2017-07-28,"NYMEX ","NG    ",2018-01-01,"rtcPrice",3.303
2017-07-28,"NYMEX ","NG    ",2018-02-01,"rtcPrice",3.288
2017-07-28,"NYMEX ","NG    ",2018-03-01,"rtcPrice",3.232
2017-07-28,"NYMEX ","NG    ",2018-04-01,"rtcPrice",2.856
2017-07-28,"NYMEX ","NG    ",2018-05-01,"rtcPrice",2.823
2017-07-28,"NYMEX ","NG    ",2018-06-01,"rtcPrice",2.847
2017-07-28,"NYMEX ","NG    ",2018-07-01,"rtcPrice",2.871
2017-07-28,"NYMEX ","NG    ",2018-08-01,"rtcPrice",2.876
2017-07-28,"NYMEX ","NG    ",2018-09-01,"rtcPrice",2.856
2017-07-28,"NYMEX ","NG    ",2018-10-01,"rtcPrice",2.876
2017-07-28,"NYMEX ","NG    ",2018-11-01,"rtcPrice",2.924
2017-07-28,"NYMEX ","NG    ",2018-12-01,"rtcPrice",3.052
2017-07-31,"NYMEX ","NG    ",2018-01-01,"rtcPrice",3.173
2017-07-31,"NYMEX ","NG    ",2018-02-01,"rtcPrice",3.164
2017-07-31,"NYMEX ","NG    ",2018-03-01,"rtcPrice",3.119
2017-07-31,"NYMEX ","NG    ",2018-04-01,"rtcPrice",2.795
2017-07-31,"NYMEX ","NG    ",2018-05-01,"rtcPrice",2.769
2017-07-31,"NYMEX ","NG    ",2018-06-01,"rtcPrice",2.795
2017-07-31,"NYMEX ","NG    ",2018-07-01,"rtcPrice",2.821
2017-07-31,"NYMEX ","NG    ",2018-08-01,"rtcPrice",2.826
2017-07-31,"NYMEX ","NG    ",2018-09-01,"rtcPrice",2.806
2017-07-31,"NYMEX ","NG    ",2018-10-01,"rtcPrice",2.826
2017-07-31,"NYMEX ","NG    ",2018-11-01,"rtcPrice",2.876
2017-07-31,"NYMEX ","NG    ",2018-12-01,"rtcPrice",3.009
2017-08-01,"NYMEX ","NG    ",2018-01-01,"rtcPrice",3.182
2017-08-01,"NYMEX ","NG    ",2018-02-01,"rtcPrice",3.171
2017-08-01,"NYMEX ","NG    ",2018-03-01,"rtcPrice",3.127
2017-08-01,"NYMEX ","NG    ",2018-04-01,"rtcPrice",2.806
2017-08-01,"NYMEX ","NG    ",2018-05-01,"rtcPrice",2.78
2017-08-01,"NYMEX ","NG    ",2018-06-01,"rtcPrice",2.804
2017-08-01,"NYMEX ","NG    ",2018-07-01,"rtcPrice",2.828
2017-08-01,"NYMEX ","NG    ",2018-08-01,"rtcPrice",2.833
2017-08-01,"NYMEX ","NG    ",2018-09-01,"rtcPrice",2.814
2017-08-01,"NYMEX ","NG    ",2018-10-01,"rtcPrice",2.836
2017-08-01,"NYMEX ","NG    ",2018-11-01,"rtcPrice",2.887
2017-08-01,"NYMEX ","NG    ",2018-12-01,"rtcPrice",3.019
2017-08-02,"NYMEX ","NG    ",2018-01-01,"rtcPrice",3.184
2017-08-02,"NYMEX ","NG    ",2018-02-01,"rtcPrice",3.175
2017-08-02,"NYMEX ","NG    ",2018-03-01,"rtcPrice",3.132
2017-08-02,"NYMEX ","NG    ",2018-04-01,"rtcPrice",2.826
2017-08-02,"NYMEX ","NG    ",2018-05-01,"rtcPrice",2.802
2017-08-02,"NYMEX ","NG    ",2018-06-01,"rtcPrice",2.827
2017-08-02,"NYMEX ","NG    ",2018-07-01,"rtcPrice",2.852
2017-08-02,"NYMEX ","NG    ",2018-08-01,"rtcPrice",2.857
2017-08-02,"NYMEX ","NG    ",2018-09-01,"rtcPrice",2.838
2017-08-02,"NYMEX ","NG    ",2018-10-01,"rtcPrice",2.86
2017-08-02,"NYMEX ","NG    ",2018-11-01,"rtcPrice",2.912
2017-08-02,"NYMEX ","NG    ",2018-12-01,"rtcPrice",3.044
2017-08-03,"NYMEX ","NG    ",2018-01-01,"rtcPrice",3.183
2017-08-03,"NYMEX ","NG    ",2018-02-01,"rtcPrice",3.172
2017-08-03,"NYMEX ","NG    ",2018-03-01,"rtcPrice",3.13
2017-08-03,"NYMEX ","NG    ",2018-04-01,"rtcPrice",2.835
2017-08-03,"NYMEX ","NG    ",2018-05-01,"rtcPrice",2.813
2017-08-03,"NYMEX ","NG    ",2018-06-01,"rtcPrice",2.838
2017-08-03,"NYMEX ","NG    ",2018-07-01,"rtcPrice",2.863
2017-08-03,"NYMEX ","NG    ",2018-08-01,"rtcPrice",2.868
2017-08-03,"NYMEX ","NG    ",2018-09-01,"rtcPrice",2.849
2017-08-03,"NYMEX ","NG    ",2018-10-01,"rtcPrice",2.87
2017-08-03,"NYMEX ","NG    ",2018-11-01,"rtcPrice",2.923
2017-08-03,"NYMEX ","NG    ",2018-12-01,"rtcPrice",3.056
2017-08-04,"NYMEX ","NG    ",2018-01-01,"rtcPrice",3.158
2017-08-04,"NYMEX ","NG    ",2018-02-01,"rtcPrice",3.149
2017-08-04,"NYMEX ","NG    ",2018-03-01,"rtcPrice",3.109
2017-08-04,"NYMEX ","NG    ",2018-04-01,"rtcPrice",2.822
2017-08-04,"NYMEX ","NG    ",2018-05-01,"rtcPrice",2.802
2017-08-04,"NYMEX ","NG    ",2018-06-01,"rtcPrice",2.829
2017-08-04,"NYMEX ","NG    ",2018-07-01,"rtcPrice",2.856
2017-08-04,"NYMEX ","NG    ",2018-08-01,"rtcPrice",2.861
2017-08-04,"NYMEX ","NG    ",2018-09-01,"rtcPrice",2.841
2017-08-04,"NYMEX ","NG    ",2018-10-01,"rtcPrice",2.862
2017-08-04,"NYMEX ","NG    ",2018-11-01,"rtcPrice",2.915
2017-08-04,"NYMEX ","NG    ",2018-12-01,"rtcPrice",3.047
2017-08-07,"NYMEX ","NG    ",2018-01-01,"rtcPrice",3.175
2017-08-07,"NYMEX ","NG    ",2018-02-01,"rtcPrice",3.165
2017-08-07,"NYMEX ","NG    ",2018-03-01,"rtcPrice",3.125
2017-08-07,"NYMEX ","NG    ",2018-04-01,"rtcPrice",2.834
2017-08-07,"NYMEX ","NG    ",2018-05-01,"rtcPrice",2.814
2017-08-07,"NYMEX ","NG    ",2018-06-01,"rtcPrice",2.84
2017-08-07,"NYMEX ","NG    ",2018-07-01,"rtcPrice",2.867
2017-08-07,"NYMEX ","NG    ",2018-08-01,"rtcPrice",2.872
2017-08-07,"NYMEX ","NG    ",2018-09-01,"rtcPrice",2.851
2017-08-07,"NYMEX ","NG    ",2018-10-01,"rtcPrice",2.871
2017-08-07,"NYMEX ","NG    ",2018-11-01,"rtcPrice",2.923
2017-08-07,"NYMEX ","NG    ",2018-12-01,"rtcPrice",3.056
2017-08-08,"NYMEX ","NG    ",2018-01-01,"rtcPrice",3.188
2017-08-08,"NYMEX ","NG    ",2018-02-01,"rtcPrice",3.181
2017-08-08,"NYMEX ","NG    ",2018-03-01,"rtcPrice",3.14
2017-08-08,"NYMEX ","NG    ",2018-04-01,"rtcPrice",2.85
2017-08-08,"NYMEX ","NG    ",2018-05-01,"rtcPrice",2.829
2017-08-08,"NYMEX ","NG    ",2018-06-01,"rtcPrice",2.855
2017-08-08,"NYMEX ","NG    ",2018-07-01,"rtcPrice",2.882
2017-08-08,"NYMEX ","NG    ",2018-08-01,"rtcPrice",2.887
2017-08-08,"NYMEX ","NG    ",2018-09-01,"rtcPrice",2.866
2017-08-08,"NYMEX ","NG    ",2018-10-01,"rtcPrice",2.886
2017-08-08,"NYMEX ","NG    ",2018-11-01,"rtcPrice",2.937
2017-08-08,"NYMEX ","NG    ",2018-12-01,"rtcPrice",3.069
2017-08-09,"NYMEX ","NG    ",2018-01-01,"rtcPrice",3.237
2017-08-09,"NYMEX ","NG    ",2018-02-01,"rtcPrice",3.228
2017-08-09,"NYMEX ","NG    ",2018-03-01,"rtcPrice",3.184
2017-08-09,"NYMEX ","NG    ",2018-04-01,"rtcPrice",2.869
2017-08-09,"NYMEX ","NG    ",2018-05-01,"rtcPrice",2.844
2017-08-09,"NYMEX ","NG    ",2018-06-01,"rtcPrice",2.869
2017-08-09,"NYMEX ","NG    ",2018-07-01,"rtcPrice",2.895
2017-08-09,"NYMEX ","NG    ",2018-08-01,"rtcPrice",2.899
2017-08-09,"NYMEX ","NG    ",2018-09-01,"rtcPrice",2.875
2017-08-09,"NYMEX ","NG    ",2018-10-01,"rtcPrice",2.894
2017-08-09,"NYMEX ","NG    ",2018-11-01,"rtcPrice",2.944
2017-08-09,"NYMEX ","NG    ",2018-12-01,"rtcPrice",3.073
2017-08-10,"NYMEX ","NG    ",2018-01-01,"rtcPrice",3.306
2017-08-10,"NYMEX ","NG    ",2018-02-01,"rtcPrice",3.294
2017-08-10,"NYMEX ","NG    ",2018-03-01,"rtcPrice",3.244
2017-08-10,"NYMEX ","NG    ",2018-04-01,"rtcPrice",2.898
2017-08-10,"NYMEX ","NG    ",2018-05-01,"rtcPrice",2.865
2017-08-10,"NYMEX ","NG    ",2018-06-01,"rtcPrice",2.89
2017-08-10,"NYMEX ","NG    ",2018-07-01,"rtcPrice",2.916
2017-08-10,"NYMEX ","NG    ",2018-08-01,"rtcPrice",2.92
2017-08-10,"NYMEX ","NG    ",2018-09-01,"rtcPrice",2.896
2017-08-10,"NYMEX ","NG    ",2018-10-01,"rtcPrice",2.914
2017-08-10,"NYMEX ","NG    ",2018-11-01,"rtcPrice",2.963
2017-08-10,"NYMEX ","NG    ",2018-12-01,"rtcPrice",3.09
2017-08-11,"NYMEX ","NG    ",2018-01-01,"rtcPrice",3.307
2017-08-11,"NYMEX ","NG    ",2018-02-01,"rtcPrice",3.297
2017-08-11,"NYMEX ","NG    ",2018-03-01,"rtcPrice",3.246
2017-08-11,"NYMEX ","NG    ",2018-04-01,"rtcPrice",2.903
2017-08-11,"NYMEX ","NG    ",2018-05-01,"rtcPrice",2.869
2017-08-11,"NYMEX ","NG    ",2018-06-01,"rtcPrice",2.894
2017-08-11,"NYMEX ","NG    ",2018-07-01,"rtcPrice",2.92
2017-08-11,"NYMEX ","NG    ",2018-08-01,"rtcPrice",2.924
2017-08-11,"NYMEX ","NG    ",2018-09-01,"rtcPrice",2.9
2017-08-11,"NYMEX ","NG    ",2018-10-01,"rtcPrice",2.919
2017-08-11,"NYMEX ","NG    ",2018-11-01,"rtcPrice",2.967
2017-08-11,"NYMEX ","NG    ",2018-12-01,"rtcPrice",3.094
2017-08-14,"NYMEX ","NG    ",2018-01-01,"rtcPrice",3.298
2017-08-14,"NYMEX ","NG    ",2018-02-01,"rtcPrice",3.289
2017-08-14,"NYMEX ","NG    ",2018-03-01,"rtcPrice",3.24
2017-08-14,"NYMEX ","NG    ",2018-04-01,"rtcPrice",2.906
2017-08-14,"NYMEX ","NG    ",2018-05-01,"rtcPrice",2.872
2017-08-14,"NYMEX ","NG    ",2018-06-01,"rtcPrice",2.897
2017-08-14,"NYMEX ","NG    ",2018-07-01,"rtcPrice",2.923
2017-08-14,"NYMEX ","NG    ",2018-08-01,"rtcPrice",2.927
2017-08-14,"NYMEX ","NG    ",2018-09-01,"rtcPrice",2.903
2017-08-14,"NYMEX ","NG    ",2018-10-01,"rtcPrice",2.922
2017-08-14,"NYMEX ","NG    ",2018-11-01,"rtcPrice",2.971
2017-08-14,"NYMEX ","NG    ",2018-12-01,"rtcPrice",3.1
2017-08-15,"NYMEX ","NG    ",2018-01-01,"rtcPrice",3.278
2017-08-15,"NYMEX ","NG    ",2018-02-01,"rtcPrice",3.27
2017-08-15,"NYMEX ","NG    ",2018-03-01,"rtcPrice",3.221
2017-08-15,"NYMEX ","NG    ",2018-04-01,"rtcPrice",2.892
2017-08-15,"NYMEX ","NG    ",2018-05-01,"rtcPrice",2.859
2017-08-15,"NYMEX ","NG    ",2018-06-01,"rtcPrice",2.884
2017-08-15,"NYMEX ","NG    ",2018-07-01,"rtcPrice",2.909
2017-08-15,"NYMEX ","NG    ",2018-08-01,"rtcPrice",2.914
2017-08-15,"NYMEX ","NG    ",2018-09-01,"rtcPrice",2.89
2017-08-15,"NYMEX ","NG    ",2018-10-01,"rtcPrice",2.909
2017-08-15,"NYMEX ","NG    ",2018-11-01,"rtcPrice",2.958
2017-08-15,"NYMEX ","NG    ",2018-12-01,"rtcPrice",3.087
2017-08-16,"NYMEX ","NG    ",2018-01-01,"rtcPrice",3.247
2017-08-16,"NYMEX ","NG    ",2018-02-01,"rtcPrice",3.239
2017-08-16,"NYMEX ","NG    ",2018-03-01,"rtcPrice",3.194
2017-08-16,"NYMEX ","NG    ",2018-04-01,"rtcPrice",2.87
2017-08-16,"NYMEX ","NG    ",2018-05-01,"rtcPrice",2.838
2017-08-16,"NYMEX ","NG    ",2018-06-01,"rtcPrice",2.864
2017-08-16,"NYMEX ","NG    ",2018-07-01,"rtcPrice",2.891
2017-08-16,"NYMEX ","NG    ",2018-08-01,"rtcPrice",2.895
2017-08-16,"NYMEX ","NG    ",2018-09-01,"rtcPrice",2.871
2017-08-16,"NYMEX ","NG    ",2018-10-01,"rtcPrice",2.889
2017-08-16,"NYMEX ","NG    ",2018-11-01,"rtcPrice",2.938
2017-08-16,"NYMEX ","NG    ",2018-12-01,"rtcPrice",3.068
2017-08-17,"NYMEX ","NG    ",2018-01-01,"rtcPrice",3.284
2017-08-17,"NYMEX ","NG    ",2018-02-01,"rtcPrice",3.277
2017-08-17,"NYMEX ","NG    ",2018-03-01,"rtcPrice",3.234
2017-08-17,"NYMEX ","NG    ",2018-04-01,"rtcPrice",2.886
2017-08-17,"NYMEX ","NG    ",2018-05-01,"rtcPrice",2.849
2017-08-17,"NYMEX ","NG    ",2018-06-01,"rtcPrice",2.874
2017-08-17,"NYMEX ","NG    ",2018-07-01,"rtcPrice",2.899
2017-08-17,"NYMEX ","NG    ",2018-08-01,"rtcPrice",2.903
2017-08-17,"NYMEX ","NG    ",2018-09-01,"rtcPrice",2.879
2017-08-17,"NYMEX ","NG    ",2018-10-01,"rtcPrice",2.897
2017-08-17,"NYMEX ","NG    ",2018-11-01,"rtcPrice",2.945
2017-08-17,"NYMEX ","NG    ",2018-12-01,"rtcPrice",3.074
2017-08-18,"NYMEX ","NG    ",2018-01-01,"rtcPrice",3.248
2017-08-18,"NYMEX ","NG    ",2018-02-01,"rtcPrice",3.243
2017-08-18,"NYMEX ","NG    ",2018-03-01,"rtcPrice",3.205
2017-08-18,"NYMEX ","NG    ",2018-04-01,"rtcPrice",2.877
2017-08-18,"NYMEX ","NG    ",2018-05-01,"rtcPrice",2.844
2017-08-18,"NYMEX ","NG    ",2018-06-01,"rtcPrice",2.869
2017-08-18,"NYMEX ","NG    ",2018-07-01,"rtcPrice",2.894
2017-08-18,"NYMEX ","NG    ",2018-08-01,"rtcPrice",2.898
2017-08-18,"NYMEX ","NG    ",2018-09-01,"rtcPrice",2.874
2017-08-18,"NYMEX ","NG    ",2018-10-01,"rtcPrice",2.892
2017-08-18,"NYMEX ","NG    ",2018-11-01,"rtcPrice",2.941
2017-08-18,"NYMEX ","NG    ",2018-12-01,"rtcPrice",3.071
2017-08-21,"NYMEX ","NG    ",2018-01-01,"rtcPrice",3.293
2017-08-21,"NYMEX ","NG    ",2018-02-01,"rtcPrice",3.287
2017-08-21,"NYMEX ","NG    ",2018-03-01,"rtcPrice",3.249
2017-08-21,"NYMEX ","NG    ",2018-04-01,"rtcPrice",2.906
2017-08-21,"NYMEX ","NG    ",2018-05-01,"rtcPrice",2.87
2017-08-21,"NYMEX ","NG    ",2018-06-01,"rtcPrice",2.894
2017-08-21,"NYMEX ","NG    ",2018-07-01,"rtcPrice",2.919
2017-08-21,"NYMEX ","NG    ",2018-08-01,"rtcPrice",2.922
2017-08-21,"NYMEX ","NG    ",2018-09-01,"rtcPrice",2.898
2017-08-21,"NYMEX ","NG    ",2018-10-01,"rtcPrice",2.916
2017-08-21,"NYMEX ","NG    ",2018-11-01,"rtcPrice",2.963
2017-08-21,"NYMEX ","NG    ",2018-12-01,"rtcPrice",3.091
2017-08-22,"NYMEX ","NG    ",2018-01-01,"rtcPrice",3.273
2017-08-22,"NYMEX ","NG    ",2018-02-01,"rtcPrice",3.267
2017-08-22,"NYMEX ","NG    ",2018-03-01,"rtcPrice",3.231
2017-08-22,"NYMEX ","NG    ",2018-04-01,"rtcPrice",2.903
2017-08-22,"NYMEX ","NG    ",2018-05-01,"rtcPrice",2.868
2017-08-22,"NYMEX ","NG    ",2018-06-01,"rtcPrice",2.892
2017-08-22,"NYMEX ","NG    ",2018-07-01,"rtcPrice",2.917
2017-08-22,"NYMEX ","NG    ",2018-08-01,"rtcPrice",2.92
2017-08-22,"NYMEX ","NG    ",2018-09-01,"rtcPrice",2.896
2017-08-22,"NYMEX ","NG    ",2018-10-01,"rtcPrice",2.914
2017-08-22,"NYMEX ","NG    ",2018-11-01,"rtcPrice",2.961
2017-08-22,"NYMEX ","NG    ",2018-12-01,"rtcPrice",3.087
2017-08-23,"NYMEX ","NG    ",2018-01-01,"rtcPrice",3.273
2017-08-23,"NYMEX ","NG    ",2018-02-01,"rtcPrice",3.269
2017-08-23,"NYMEX ","NG    ",2018-03-01,"rtcPrice",3.231
2017-08-23,"NYMEX ","NG    ",2018-04-01,"rtcPrice",2.907
2017-08-23,"NYMEX ","NG    ",2018-05-01,"rtcPrice",2.872
2017-08-23,"NYMEX ","NG    ",2018-06-01,"rtcPrice",2.896
2017-08-23,"NYMEX ","NG    ",2018-07-01,"rtcPrice",2.92
2017-08-23,"NYMEX ","NG    ",2018-08-01,"rtcPrice",2.924
2017-08-23,"NYMEX ","NG    ",2018-09-01,"rtcPrice",2.899
2017-08-23,"NYMEX ","NG    ",2018-10-01,"rtcPrice",2.917
2017-08-23,"NYMEX ","NG    ",2018-11-01,"rtcPrice",2.964
2017-08-23,"NYMEX ","NG    ",2018-12-01,"rtcPrice",3.091
2017-08-24,"NYMEX ","NG    ",2018-01-01,"rtcPrice",3.288
2017-08-24,"NYMEX ","NG    ",2018-02-01,"rtcPrice",3.283
2017-08-24,"NYMEX ","NG    ",2018-03-01,"rtcPrice",3.244
2017-08-24,"NYMEX ","NG    ",2018-04-01,"rtcPrice",2.911
2017-08-24,"NYMEX ","NG    ",2018-05-01,"rtcPrice",2.875
2017-08-24,"NYMEX ","NG    ",2018-06-01,"rtcPrice",2.898
2017-08-24,"NYMEX ","NG    ",2018-07-01,"rtcPrice",2.922
2017-08-24,"NYMEX ","NG    ",2018-08-01,"rtcPrice",2.925
2017-08-24,"NYMEX ","NG    ",2018-09-01,"rtcPrice",2.901
2017-08-24,"NYMEX ","NG    ",2018-10-01,"rtcPrice",2.919
2017-08-24,"NYMEX ","NG    ",2018-11-01,"rtcPrice",2.966
2017-08-24,"NYMEX ","NG    ",2018-12-01,"rtcPrice",3.092
2017-08-25,"NYMEX ","NG    ",2018-01-01,"rtcPrice",3.24
2017-08-25,"NYMEX ","NG    ",2018-02-01,"rtcPrice",3.238
2017-08-25,"NYMEX ","NG    ",2018-03-01,"rtcPrice",3.201
2017-08-25,"NYMEX ","NG    ",2018-04-01,"rtcPrice",2.886
2017-08-25,"NYMEX ","NG    ",2018-05-01,"rtcPrice",2.855
2017-08-25,"NYMEX ","NG    ",2018-06-01,"rtcPrice",2.88
2017-08-25,"NYMEX ","NG    ",2018-07-01,"rtcPrice",2.905
2017-08-25,"NYMEX ","NG    ",2018-08-01,"rtcPrice",2.907
2017-08-25,"NYMEX ","NG    ",2018-09-01,"rtcPrice",2.884
2017-08-25,"NYMEX ","NG    ",2018-10-01,"rtcPrice",2.902
2017-08-25,"NYMEX ","NG    ",2018-11-01,"rtcPrice",2.95
2017-08-25,"NYMEX ","NG    ",2018-12-01,"rtcPrice",3.077
2017-08-28,"NYMEX ","NG    ",2018-01-01,"rtcPrice",3.269
2017-08-28,"NYMEX ","NG    ",2018-02-01,"rtcPrice",3.266
2017-08-28,"NYMEX ","NG    ",2018-03-01,"rtcPrice",3.227
2017-08-28,"NYMEX ","NG    ",2018-04-01,"rtcPrice",2.906
2017-08-28,"NYMEX ","NG    ",2018-05-01,"rtcPrice",2.873
2017-08-28,"NYMEX ","NG    ",2018-06-01,"rtcPrice",2.897
2017-08-28,"NYMEX ","NG    ",2018-07-01,"rtcPrice",2.922
2017-08-28,"NYMEX ","NG    ",2018-08-01,"rtcPrice",2.925
2017-08-28,"NYMEX ","NG    ",2018-09-01,"rtcPrice",2.901
2017-08-28,"NYMEX ","NG    ",2018-10-01,"rtcPrice",2.919
2017-08-28,"NYMEX ","NG    ",2018-11-01,"rtcPrice",2.967
2017-08-28,"NYMEX ","NG    ",2018-12-01,"rtcPrice",3.093
2017-08-29,"NYMEX ","NG    ",2018-01-01,"rtcPrice",3.287
2017-08-29,"NYMEX ","NG    ",2018-02-01,"rtcPrice",3.282
2017-08-29,"NYMEX ","NG    ",2018-03-01,"rtcPrice",3.242
2017-08-29,"NYMEX ","NG    ",2018-04-01,"rtcPrice",2.91
2017-08-29,"NYMEX ","NG    ",2018-05-01,"rtcPrice",2.876
2017-08-29,"NYMEX ","NG    ",2018-06-01,"rtcPrice",2.9
2017-08-29,"NYMEX ","NG    ",2018-07-01,"rtcPrice",2.925
2017-08-29,"NYMEX ","NG    ",2018-08-01,"rtcPrice",2.928
2017-08-29,"NYMEX ","NG    ",2018-09-01,"rtcPrice",2.905
2017-08-29,"NYMEX ","NG    ",2018-10-01,"rtcPrice",2.924
2017-08-29,"NYMEX ","NG    ",2018-11-01,"rtcPrice",2.973
2017-08-29,"NYMEX ","NG    ",2018-12-01,"rtcPrice",3.1
2017-08-30,"NYMEX ","NG    ",2018-01-01,"rtcPrice",3.252
2017-08-30,"NYMEX ","NG    ",2018-02-01,"rtcPrice",3.25
2017-08-30,"NYMEX ","NG    ",2018-03-01,"rtcPrice",3.212
2017-08-30,"NYMEX ","NG    ",2018-04-01,"rtcPrice",2.895
2017-08-30,"NYMEX ","NG    ",2018-05-01,"rtcPrice",2.862
2017-08-30,"NYMEX ","NG    ",2018-06-01,"rtcPrice",2.887
2017-08-30,"NYMEX ","NG    ",2018-07-01,"rtcPrice",2.912
2017-08-30,"NYMEX ","NG    ",2018-08-01,"rtcPrice",2.915
2017-08-30,"NYMEX ","NG    ",2018-09-01,"rtcPrice",2.892
2017-08-30,"NYMEX ","NG    ",2018-10-01,"rtcPrice",2.912
2017-08-30,"NYMEX ","NG    ",2018-11-01,"rtcPrice",2.962
2017-08-30,"NYMEX ","NG    ",2018-12-01,"rtcPrice",3.09
2017-08-31,"NYMEX ","NG    ",2018-01-01,"rtcPrice",3.326
2017-08-31,"NYMEX ","NG    ",2018-02-01,"rtcPrice",3.321
2017-08-31,"NYMEX ","NG    ",2018-03-01,"rtcPrice",3.279
2017-08-31,"NYMEX ","NG    ",2018-04-01,"rtcPrice",2.926
2017-08-31,"NYMEX ","NG    ",2018-05-01,"rtcPrice",2.889
2017-08-31,"NYMEX ","NG    ",2018-06-01,"rtcPrice",2.913
2017-08-31,"NYMEX ","NG    ",2018-07-01,"rtcPrice",2.937
2017-08-31,"NYMEX ","NG    ",2018-08-01,"rtcPrice",2.94
2017-08-31,"NYMEX ","NG    ",2018-09-01,"rtcPrice",2.916
2017-08-31,"NYMEX ","NG    ",2018-10-01,"rtcPrice",2.935
2017-08-31,"NYMEX ","NG    ",2018-11-01,"rtcPrice",2.983
2017-08-31,"NYMEX ","NG    ",2018-12-01,"rtcPrice",3.111
2017-09-01,"NYMEX ","NG    ",2018-01-01,"rtcPrice",3.366
2017-09-01,"NYMEX ","NG    ",2018-02-01,"rtcPrice",3.361
2017-09-01,"NYMEX ","NG    ",2018-03-01,"rtcPrice",3.318
2017-09-01,"NYMEX ","NG    ",2018-04-01,"rtcPrice",2.943
2017-09-01,"NYMEX ","NG    ",2018-05-01,"rtcPrice",2.902
2017-09-01,"NYMEX ","NG    ",2018-06-01,"rtcPrice",2.925
2017-09-01,"NYMEX ","NG    ",2018-07-01,"rtcPrice",2.949
2017-09-01,"NYMEX ","NG    ",2018-08-01,"rtcPrice",2.952
2017-09-01,"NYMEX ","NG    ",2018-09-01,"rtcPrice",2.928
2017-09-01,"NYMEX ","NG    ",2018-10-01,"rtcPrice",2.947
2017-09-01,"NYMEX ","NG    ",2018-11-01,"rtcPrice",2.995
2017-09-01,"NYMEX ","NG    ",2018-12-01,"rtcPrice",3.121
2017-09-05,"NYMEX ","NG    ",2018-01-01,"rtcPrice",3.287
2017-09-05,"NYMEX ","NG    ",2018-02-01,"rtcPrice",3.285
2017-09-05,"NYMEX ","NG    ",2018-03-01,"rtcPrice",3.244
2017-09-05,"NYMEX ","NG    ",2018-04-01,"rtcPrice",2.911
2017-09-05,"NYMEX ","NG    ",2018-05-01,"rtcPrice",2.875
2017-09-05,"NYMEX ","NG    ",2018-06-01,"rtcPrice",2.901
2017-09-05,"NYMEX ","NG    ",2018-07-01,"rtcPrice",2.927
2017-09-05,"NYMEX ","NG    ",2018-08-01,"rtcPrice",2.931
2017-09-05,"NYMEX ","NG    ",2018-09-01,"rtcPrice",2.907
2017-09-05,"NYMEX ","NG    ",2018-10-01,"rtcPrice",2.926
2017-09-05,"NYMEX ","NG    ",2018-11-01,"rtcPrice",2.975
2017-09-05,"NYMEX ","NG    ",2018-12-01,"rtcPrice",3.102
2017-09-06,"NYMEX ","NG    ",2018-01-01,"rtcPrice",3.315
2017-09-06,"NYMEX ","NG    ",2018-02-01,"rtcPrice",3.313
2017-09-06,"NYMEX ","NG    ",2018-03-01,"rtcPrice",3.268
2017-09-06,"NYMEX ","NG    ",2018-04-01,"rtcPrice",2.925
2017-09-06,"NYMEX ","NG    ",2018-05-01,"rtcPrice",2.889
2017-09-06,"NYMEX ","NG    ",2018-06-01,"rtcPrice",2.915
2017-09-06,"NYMEX ","NG    ",2018-07-01,"rtcPrice",2.94
2017-09-06,"NYMEX ","NG    ",2018-08-01,"rtcPrice",2.943
2017-09-06,"NYMEX ","NG    ",2018-09-01,"rtcPrice",2.919
2017-09-06,"NYMEX ","NG    ",2018-10-01,"rtcPrice",2.938
2017-09-06,"NYMEX ","NG    ",2018-11-01,"rtcPrice",2.986
2017-09-06,"NYMEX ","NG    ",2018-12-01,"rtcPrice",3.113
2017-09-07,"NYMEX ","NG    ",2018-01-01,"rtcPrice",3.304
2017-09-07,"NYMEX ","NG    ",2018-02-01,"rtcPrice",3.303
2017-09-07,"NYMEX ","NG    ",2018-03-01,"rtcPrice",3.26
2017-09-07,"NYMEX ","NG    ",2018-04-01,"rtcPrice",2.928
2017-09-07,"NYMEX ","NG    ",2018-05-01,"rtcPrice",2.893
2017-09-07,"NYMEX ","NG    ",2018-06-01,"rtcPrice",2.919
2017-09-07,"NYMEX ","NG    ",2018-07-01,"rtcPrice",2.944
2017-09-07,"NYMEX ","NG    ",2018-08-01,"rtcPrice",2.948
2017-09-07,"NYMEX ","NG    ",2018-09-01,"rtcPrice",2.924
2017-09-07,"NYMEX ","NG    ",2018-10-01,"rtcPrice",2.943
2017-09-07,"NYMEX ","NG    ",2018-11-01,"rtcPrice",2.992
2017-09-07,"NYMEX ","NG    ",2018-12-01,"rtcPrice",3.121
2017-09-08,"NYMEX ","NG    ",2018-01-01,"rtcPrice",3.23
2017-09-08,"NYMEX ","NG    ",2018-02-01,"rtcPrice",3.234
2017-09-08,"NYMEX ","NG    ",2018-03-01,"rtcPrice",3.194
2017-09-08,"NYMEX ","NG    ",2018-04-01,"rtcPrice",2.901
2017-09-08,"NYMEX ","NG    ",2018-05-01,"rtcPrice",2.873
2017-09-08,"NYMEX ","NG    ",2018-06-01,"rtcPrice",2.9
2017-09-08,"NYMEX ","NG    ",2018-07-01,"rtcPrice",2.926
2017-09-08,"NYMEX ","NG    ",2018-08-01,"rtcPrice",2.93
2017-09-08,"NYMEX ","NG    ",2018-09-01,"rtcPrice",2.907
2017-09-08,"NYMEX ","NG    ",2018-10-01,"rtcPrice",2.926
2017-09-08,"NYMEX ","NG    ",2018-11-01,"rtcPrice",2.977
2017-09-08,"NYMEX ","NG    ",2018-12-01,"rtcPrice",3.108
2017-09-11,"NYMEX ","NG    ",2018-01-01,"rtcPrice",3.289
2017-09-11,"NYMEX ","NG    ",2018-02-01,"rtcPrice",3.293
2017-09-11,"NYMEX ","NG    ",2018-03-01,"rtcPrice",3.251
2017-09-11,"NYMEX ","NG    ",2018-04-01,"rtcPrice",2.937
2017-09-11,"NYMEX ","NG    ",2018-05-01,"rtcPrice",2.908
2017-09-11,"NYMEX ","NG    ",2018-06-01,"rtcPrice",2.935
2017-09-11,"NYMEX ","NG    ",2018-07-01,"rtcPrice",2.961
2017-09-11,"NYMEX ","NG    ",2018-08-01,"rtcPrice",2.964
2017-09-11,"NYMEX ","NG    ",2018-09-01,"rtcPrice",2.941
2017-09-11,"NYMEX ","NG    ",2018-10-01,"rtcPrice",2.96
2017-09-11,"NYMEX ","NG    ",2018-11-01,"rtcPrice",3.009
2017-09-11,"NYMEX ","NG    ",2018-12-01,"rtcPrice",3.139
2017-09-12,"NYMEX ","NG    ",2018-01-01,"rtcPrice",3.329
2017-09-12,"NYMEX ","NG    ",2018-02-01,"rtcPrice",3.331
2017-09-12,"NYMEX ","NG    ",2018-03-01,"rtcPrice",3.282
2017-09-12,"NYMEX ","NG    ",2018-04-01,"rtcPrice",2.951
2017-09-12,"NYMEX ","NG    ",2018-05-01,"rtcPrice",2.916
2017-09-12,"NYMEX ","NG    ",2018-06-01,"rtcPrice",2.942
2017-09-12,"NYMEX ","NG    ",2018-07-01,"rtcPrice",2.967
2017-09-12,"NYMEX ","NG    ",2018-08-01,"rtcPrice",2.97
2017-09-12,"NYMEX ","NG    ",2018-09-01,"rtcPrice",2.946
2017-09-12,"NYMEX ","NG    ",2018-10-01,"rtcPrice",2.966
2017-09-12,"NYMEX ","NG    ",2018-11-01,"rtcPrice",3.016
2017-09-12,"NYMEX ","NG    ",2018-12-01,"rtcPrice",3.145
2017-09-13,"NYMEX ","NG    ",2018-01-01,"rtcPrice",3.369
2017-09-13,"NYMEX ","NG    ",2018-02-01,"rtcPrice",3.37
2017-09-13,"NYMEX ","NG    ",2018-03-01,"rtcPrice",3.321
2017-09-13,"NYMEX ","NG    ",2018-04-01,"rtcPrice",2.966
2017-09-13,"NYMEX ","NG    ",2018-05-01,"rtcPrice",2.928
2017-09-13,"NYMEX ","NG    ",2018-06-01,"rtcPrice",2.953
2017-09-13,"NYMEX ","NG    ",2018-07-01,"rtcPrice",2.977
2017-09-13,"NYMEX ","NG    ",2018-08-01,"rtcPrice",2.98
2017-09-13,"NYMEX ","NG    ",2018-09-01,"rtcPrice",2.957
2017-09-13,"NYMEX ","NG    ",2018-10-01,"rtcPrice",2.978
2017-09-13,"NYMEX ","NG    ",2018-11-01,"rtcPrice",3.027
2017-09-13,"NYMEX ","NG    ",2018-12-01,"rtcPrice",3.155
2017-09-14,"NYMEX ","NG    ",2018-01-01,"rtcPrice",3.371
2017-09-14,"NYMEX ","NG    ",2018-02-01,"rtcPrice",3.37
2017-09-14,"NYMEX ","NG    ",2018-03-01,"rtcPrice",3.32
2017-09-14,"NYMEX ","NG    ",2018-04-01,"rtcPrice",2.96
2017-09-14,"NYMEX ","NG    ",2018-05-01,"rtcPrice",2.922
2017-09-14,"NYMEX ","NG    ",2018-06-01,"rtcPrice",2.946
2017-09-14,"NYMEX ","NG    ",2018-07-01,"rtcPrice",2.97
2017-09-14,"NYMEX ","NG    ",2018-08-01,"rtcPrice",2.973
2017-09-14,"NYMEX ","NG    ",2018-09-01,"rtcPrice",2.95
2017-09-14,"NYMEX ","NG    ",2018-10-01,"rtcPrice",2.972
2017-09-14,"NYMEX ","NG    ",2018-11-01,"rtcPrice",3.021
2017-09-14,"NYMEX ","NG    ",2018-12-01,"rtcPrice",3.152
2017-09-15,"NYMEX ","NG    ",2018-01-01,"rtcPrice",3.34
2017-09-15,"NYMEX ","NG    ",2018-02-01,"rtcPrice",3.343
2017-09-15,"NYMEX ","NG    ",2018-03-01,"rtcPrice",3.298
2017-09-15,"NYMEX ","NG    ",2018-04-01,"rtcPrice",2.96
2017-09-15,"NYMEX ","NG    ",2018-05-01,"rtcPrice",2.926
2017-09-15,"NYMEX ","NG    ",2018-06-01,"rtcPrice",2.95
2017-09-15,"NYMEX ","NG    ",2018-07-01,"rtcPrice",2.974
2017-09-15,"NYMEX ","NG    ",2018-08-01,"rtcPrice",2.977
2017-09-15,"NYMEX ","NG    ",2018-09-01,"rtcPrice",2.956
2017-09-15,"NYMEX ","NG    ",2018-10-01,"rtcPrice",2.978
2017-09-15,"NYMEX ","NG    ",2018-11-01,"rtcPrice",3.029
2017-09-15,"NYMEX ","NG    ",2018-12-01,"rtcPrice",3.163
2017-09-18,"NYMEX ","NG    ",2018-01-01,"rtcPrice",3.436
2017-09-18,"NYMEX ","NG    ",2018-02-01,"rtcPrice",3.433
2017-09-18,"NYMEX ","NG    ",2018-03-01,"rtcPrice",3.381
2017-09-18,"NYMEX ","NG    ",2018-04-01,"rtcPrice",2.986
2017-09-18,"NYMEX ","NG    ",2018-05-01,"rtcPrice",2.947
2017-09-18,"NYMEX ","NG    ",2018-06-01,"rtcPrice",2.97
2017-09-18,"NYMEX ","NG    ",2018-07-01,"rtcPrice",2.993
2017-09-18,"NYMEX ","NG    ",2018-08-01,"rtcPrice",2.995
2017-09-18,"NYMEX ","NG    ",2018-09-01,"rtcPrice",2.974
2017-09-18,"NYMEX ","NG    ",2018-10-01,"rtcPrice",2.995
2017-09-18,"NYMEX ","NG    ",2018-11-01,"rtcPrice",3.044
2017-09-18,"NYMEX ","NG    ",2018-12-01,"rtcPrice",3.177
2017-09-19,"NYMEX ","NG    ",2018-01-01,"rtcPrice",3.419
2017-09-19,"NYMEX ","NG    ",2018-02-01,"rtcPrice",3.419
2017-09-19,"NYMEX ","NG    ",2018-03-01,"rtcPrice",3.37
2017-09-19,"NYMEX ","NG    ",2018-04-01,"rtcPrice",2.986
2017-09-19,"NYMEX ","NG    ",2018-05-01,"rtcPrice",2.947
2017-09-19,"NYMEX ","NG    ",2018-06-01,"rtcPrice",2.97
2017-09-19,"NYMEX ","NG    ",2018-07-01,"rtcPrice",2.993
2017-09-19,"NYMEX ","NG    ",2018-08-01,"rtcPrice",2.996
2017-09-19,"NYMEX ","NG    ",2018-09-01,"rtcPrice",2.975
2017-09-19,"NYMEX ","NG    ",2018-10-01,"rtcPrice",2.997
2017-09-19,"NYMEX ","NG    ",2018-11-01,"rtcPrice",3.046
2017-09-19,"NYMEX ","NG    ",2018-12-01,"rtcPrice",3.18
2017-09-20,"NYMEX ","NG    ",2018-01-01,"rtcPrice",3.392
2017-09-20,"NYMEX ","NG    ",2018-02-01,"rtcPrice",3.395
2017-09-20,"NYMEX ","NG    ",2018-03-01,"rtcPrice",3.351
2017-09-20,"NYMEX ","NG    ",2018-04-01,"rtcPrice",2.986
2017-09-20,"NYMEX ","NG    ",2018-05-01,"rtcPrice",2.948
2017-09-20,"NYMEX ","NG    ",2018-06-01,"rtcPrice",2.971
2017-09-20,"NYMEX ","NG    ",2018-07-01,"rtcPrice",2.994
2017-09-20,"NYMEX ","NG    ",2018-08-01,"rtcPrice",2.996
2017-09-20,"NYMEX ","NG    ",2018-09-01,"rtcPrice",2.975
2017-09-20,"NYMEX ","NG    ",2018-10-01,"rtcPrice",2.998
2017-09-20,"NYMEX ","NG    ",2018-11-01,"rtcPrice",3.047
2017-09-20,"NYMEX ","NG    ",2018-12-01,"rtcPrice",3.179
2017-09-21,"NYMEX ","NG    ",2018-01-01,"rtcPrice",3.27
2017-09-21,"NYMEX ","NG    ",2018-02-01,"rtcPrice",3.278
2017-09-21,"NYMEX ","NG    ",2018-03-01,"rtcPrice",3.238
2017-09-21,"NYMEX ","NG    ",2018-04-01,"rtcPrice",2.929
2017-09-21,"NYMEX ","NG    ",2018-05-01,"rtcPrice",2.898
2017-09-21,"NYMEX ","NG    ",2018-06-01,"rtcPrice",2.924
2017-09-21,"NYMEX ","NG    ",2018-07-01,"rtcPrice",2.949
2017-09-21,"NYMEX ","NG    ",2018-08-01,"rtcPrice",2.952
2017-09-21,"NYMEX ","NG    ",2018-09-01,"rtcPrice",2.931
2017-09-21,"NYMEX ","NG    ",2018-10-01,"rtcPrice",2.954
2017-09-21,"NYMEX ","NG    ",2018-11-01,"rtcPrice",3.004
2017-09-21,"NYMEX ","NG    ",2018-12-01,"rtcPrice",3.136
2017-09-22,"NYMEX ","NG    ",2018-01-01,"rtcPrice",3.289
2017-09-22,"NYMEX ","NG    ",2018-02-01,"rtcPrice",3.296
2017-09-22,"NYMEX ","NG    ",2018-03-01,"rtcPrice",3.256
2017-09-22,"NYMEX ","NG    ",2018-04-01,"rtcPrice",2.947
2017-09-22,"NYMEX ","NG    ",2018-05-01,"rtcPrice",2.916
2017-09-22,"NYMEX ","NG    ",2018-06-01,"rtcPrice",2.942
2017-09-22,"NYMEX ","NG    ",2018-07-01,"rtcPrice",2.967
2017-09-22,"NYMEX ","NG    ",2018-08-01,"rtcPrice",2.97
2017-09-22,"NYMEX ","NG    ",2018-09-01,"rtcPrice",2.95
2017-09-22,"NYMEX ","NG    ",2018-10-01,"rtcPrice",2.973
2017-09-22,"NYMEX ","NG    ",2018-11-01,"rtcPrice",3.023
2017-09-22,"NYMEX ","NG    ",2018-12-01,"rtcPrice",3.156
2017-09-25,"NYMEX ","NG    ",2018-01-01,"rtcPrice",3.264
2017-09-25,"NYMEX ","NG    ",2018-02-01,"rtcPrice",3.274
2017-09-25,"NYMEX ","NG    ",2018-03-01,"rtcPrice",3.234
2017-09-25,"NYMEX ","NG    ",2018-04-01,"rtcPrice",2.929
2017-09-25,"NYMEX ","NG    ",2018-05-01,"rtcPrice",2.898
2017-09-25,"NYMEX ","NG    ",2018-06-01,"rtcPrice",2.925
2017-09-25,"NYMEX ","NG    ",2018-07-01,"rtcPrice",2.949
2017-09-25,"NYMEX ","NG    ",2018-08-01,"rtcPrice",2.952
2017-09-25,"NYMEX ","NG    ",2018-09-01,"rtcPrice",2.931
2017-09-25,"NYMEX ","NG    ",2018-10-01,"rtcPrice",2.954
2017-09-25,"NYMEX ","NG    ",2018-11-01,"rtcPrice",3.003
2017-09-25,"NYMEX ","NG    ",2018-12-01,"rtcPrice",3.133
2017-09-26,"NYMEX ","NG    ",2018-01-01,"rtcPrice",3.271
2017-09-26,"NYMEX ","NG    ",2018-02-01,"rtcPrice",3.279
2017-09-26,"NYMEX ","NG    ",2018-03-01,"rtcPrice",3.236
2017-09-26,"NYMEX ","NG    ",2018-04-01,"rtcPrice",2.93
2017-09-26,"NYMEX ","NG    ",2018-05-01,"rtcPrice",2.9
2017-09-26,"NYMEX ","NG    ",2018-06-01,"rtcPrice",2.926
2017-09-26,"NYMEX ","NG    ",2018-07-01,"rtcPrice",2.951
2017-09-26,"NYMEX ","NG    ",2018-08-01,"rtcPrice",2.953
2017-09-26,"NYMEX ","NG    ",2018-09-01,"rtcPrice",2.932
2017-09-26,"NYMEX ","NG    ",2018-10-01,"rtcPrice",2.955
2017-09-26,"NYMEX ","NG    ",2018-11-01,"rtcPrice",3.005
2017-09-26,"NYMEX ","NG    ",2018-12-01,"rtcPrice",3.136
2017-09-27,"NYMEX ","NG    ",2018-01-01,"rtcPrice",3.329
2017-09-27,"NYMEX ","NG    ",2018-02-01,"rtcPrice",3.334
2017-09-27,"NYMEX ","NG    ",2018-03-01,"rtcPrice",3.287
2017-09-27,"NYMEX ","NG    ",2018-04-01,"rtcPrice",2.956
2017-09-27,"NYMEX ","NG    ",2018-05-01,"rtcPrice",2.921
2017-09-27,"NYMEX ","NG    ",2018-06-01,"rtcPrice",2.946
2017-09-27,"NYMEX ","NG    ",2018-07-01,"rtcPrice",2.971
2017-09-27,"NYMEX ","NG    ",2018-08-01,"rtcPrice",2.973
2017-09-27,"NYMEX ","NG    ",2018-09-01,"rtcPrice",2.952
2017-09-27,"NYMEX ","NG    ",2018-10-01,"rtcPrice",2.975
2017-09-27,"NYMEX ","NG    ",2018-11-01,"rtcPrice",3.025
2017-09-27,"NYMEX ","NG    ",2018-12-01,"rtcPrice",3.156
2017-09-28,"NYMEX ","NG    ",2018-01-01,"rtcPrice",3.298
2017-09-28,"NYMEX ","NG    ",2018-02-01,"rtcPrice",3.304
2017-09-28,"NYMEX ","NG    ",2018-03-01,"rtcPrice",3.258
2017-09-28,"NYMEX ","NG    ",2018-04-01,"rtcPrice",2.947
2017-09-28,"NYMEX ","NG    ",2018-05-01,"rtcPrice",2.913
2017-09-28,"NYMEX ","NG    ",2018-06-01,"rtcPrice",2.939
2017-09-28,"NYMEX ","NG    ",2018-07-01,"rtcPrice",2.964
2017-09-28,"NYMEX ","NG    ",2018-08-01,"rtcPrice",2.966
2017-09-28,"NYMEX ","NG    ",2018-09-01,"rtcPrice",2.945
2017-09-28,"NYMEX ","NG    ",2018-10-01,"rtcPrice",2.968
2017-09-28,"NYMEX ","NG    ",2018-11-01,"rtcPrice",3.018
2017-09-28,"NYMEX ","NG    ",2018-12-01,"rtcPrice",3.15
2017-09-29,"NYMEX ","NG    ",2018-01-01,"rtcPrice",3.295
2017-09-29,"NYMEX ","NG    ",2018-02-01,"rtcPrice",3.299
2017-09-29,"NYMEX ","NG    ",2018-03-01,"rtcPrice",3.249
2017-09-29,"NYMEX ","NG    ",2018-04-01,"rtcPrice",2.939
2017-09-29,"NYMEX ","NG    ",2018-05-01,"rtcPrice",2.904
2017-09-29,"NYMEX ","NG    ",2018-06-01,"rtcPrice",2.93
2017-09-29,"NYMEX ","NG    ",2018-07-01,"rtcPrice",2.954
2017-09-29,"NYMEX ","NG    ",2018-08-01,"rtcPrice",2.956
2017-09-29,"NYMEX ","NG    ",2018-09-01,"rtcPrice",2.935
2017-09-29,"NYMEX ","NG    ",2018-10-01,"rtcPrice",2.958
2017-09-29,"NYMEX ","NG    ",2018-11-01,"rtcPrice",3.009
2017-09-29,"NYMEX ","NG    ",2018-12-01,"rtcPrice",3.142
2017-10-02,"NYMEX ","NG    ",2018-01-01,"rtcPrice",3.234
2017-10-02,"NYMEX ","NG    ",2018-02-01,"rtcPrice",3.24
2017-10-02,"NYMEX ","NG    ",2018-03-01,"rtcPrice",3.193
2017-10-02,"NYMEX ","NG    ",2018-04-01,"rtcPrice",2.91
2017-10-02,"NYMEX ","NG    ",2018-05-01,"rtcPrice",2.881
2017-10-02,"NYMEX ","NG    ",2018-06-01,"rtcPrice",2.91
2017-10-02,"NYMEX ","NG    ",2018-07-01,"rtcPrice",2.936
2017-10-02,"NYMEX ","NG    ",2018-08-01,"rtcPrice",2.94
2017-10-02,"NYMEX ","NG    ",2018-09-01,"rtcPrice",2.919
2017-10-02,"NYMEX ","NG    ",2018-10-01,"rtcPrice",2.941
2017-10-02,"NYMEX ","NG    ",2018-11-01,"rtcPrice",2.994
2017-10-02,"NYMEX ","NG    ",2018-12-01,"rtcPrice",3.13
2017-10-03,"NYMEX ","NG    ",2018-01-01,"rtcPrice",3.217
2017-10-03,"NYMEX ","NG    ",2018-02-01,"rtcPrice",3.222
2017-10-03,"NYMEX ","NG    ",2018-03-01,"rtcPrice",3.176
2017-10-03,"NYMEX ","NG    ",2018-04-01,"rtcPrice",2.906
2017-10-03,"NYMEX ","NG    ",2018-05-01,"rtcPrice",2.876
2017-10-03,"NYMEX ","NG    ",2018-06-01,"rtcPrice",2.905
2017-10-03,"NYMEX ","NG    ",2018-07-01,"rtcPrice",2.931
2017-10-03,"NYMEX ","NG    ",2018-08-01,"rtcPrice",2.934
2017-10-03,"NYMEX ","NG    ",2018-09-01,"rtcPrice",2.914
2017-10-03,"NYMEX ","NG    ",2018-10-01,"rtcPrice",2.937
2017-10-03,"NYMEX ","NG    ",2018-11-01,"rtcPrice",2.991
2017-10-03,"NYMEX ","NG    ",2018-12-01,"rtcPrice",3.128
2017-10-04,"NYMEX ","NG    ",2018-01-01,"rtcPrice",3.247
2017-10-04,"NYMEX ","NG    ",2018-02-01,"rtcPrice",3.248
2017-10-04,"NYMEX ","NG    ",2018-03-01,"rtcPrice",3.201
2017-10-04,"NYMEX ","NG    ",2018-04-01,"rtcPrice",2.933
2017-10-04,"NYMEX ","NG    ",2018-05-01,"rtcPrice",2.903
2017-10-04,"NYMEX ","NG    ",2018-06-01,"rtcPrice",2.932
2017-10-04,"NYMEX ","NG    ",2018-07-01,"rtcPrice",2.959
2017-10-04,"NYMEX ","NG    ",2018-08-01,"rtcPrice",2.962
2017-10-04,"NYMEX ","NG    ",2018-09-01,"rtcPrice",2.943
2017-10-04,"NYMEX ","NG    ",2018-10-01,"rtcPrice",2.967
2017-10-04,"NYMEX ","NG    ",2018-11-01,"rtcPrice",3.022
2017-10-04,"NYMEX ","NG    ",2018-12-01,"rtcPrice",3.159
2017-10-05,"NYMEX ","NG    ",2018-01-01,"rtcPrice",3.23
2017-10-05,"NYMEX ","NG    ",2018-02-01,"rtcPrice",3.235
2017-10-05,"NYMEX ","NG    ",2018-03-01,"rtcPrice",3.193
2017-10-05,"NYMEX ","NG    ",2018-04-01,"rtcPrice",2.939
2017-10-05,"NYMEX ","NG    ",2018-05-01,"rtcPrice",2.911
2017-10-05,"NYMEX ","NG    ",2018-06-01,"rtcPrice",2.939
2017-10-05,"NYMEX ","NG    ",2018-07-01,"rtcPrice",2.966
2017-10-05,"NYMEX ","NG    ",2018-08-01,"rtcPrice",2.969
2017-10-05,"NYMEX ","NG    ",2018-09-01,"rtcPrice",2.951
2017-10-05,"NYMEX ","NG    ",2018-10-01,"rtcPrice",2.974
2017-10-05,"NYMEX ","NG    ",2018-11-01,"rtcPrice",3.028
2017-10-05,"NYMEX ","NG    ",2018-12-01,"rtcPrice",3.164
2017-10-06,"NYMEX ","NG    ",2018-01-01,"rtcPrice",3.17
2017-10-06,"NYMEX ","NG    ",2018-02-01,"rtcPrice",3.179
2017-10-06,"NYMEX ","NG    ",2018-03-01,"rtcPrice",3.144
2017-10-06,"NYMEX ","NG    ",2018-04-01,"rtcPrice",2.912
2017-10-06,"NYMEX ","NG    ",2018-05-01,"rtcPrice",2.889
2017-10-06,"NYMEX ","NG    ",2018-06-01,"rtcPrice",2.919
2017-10-06,"NYMEX ","NG    ",2018-07-01,"rtcPrice",2.947
2017-10-06,"NYMEX ","NG    ",2018-08-01,"rtcPrice",2.95
2017-10-06,"NYMEX ","NG    ",2018-09-01,"rtcPrice",2.933
2017-10-06,"NYMEX ","NG    ",2018-10-01,"rtcPrice",2.956
2017-10-06,"NYMEX ","NG    ",2018-11-01,"rtcPrice",3.01
2017-10-06,"NYMEX ","NG    ",2018-12-01,"rtcPrice",3.148
2017-10-09,"NYMEX ","NG    ",2018-01-01,"rtcPrice",3.14
2017-10-09,"NYMEX ","NG    ",2018-02-01,"rtcPrice",3.152
2017-10-09,"NYMEX ","NG    ",2018-03-01,"rtcPrice",3.122
2017-10-09,"NYMEX ","NG    ",2018-04-01,"rtcPrice",2.911
2017-10-09,"NYMEX ","NG    ",2018-05-01,"rtcPrice",2.891
2017-10-09,"NYMEX ","NG    ",2018-06-01,"rtcPrice",2.921
2017-10-09,"NYMEX ","NG    ",2018-07-01,"rtcPrice",2.95
2017-10-09,"NYMEX ","NG    ",2018-08-01,"rtcPrice",2.953
2017-10-09,"NYMEX ","NG    ",2018-09-01,"rtcPrice",2.936
2017-10-09,"NYMEX ","NG    ",2018-10-01,"rtcPrice",2.959
2017-10-09,"NYMEX ","NG    ",2018-11-01,"rtcPrice",3.015
2017-10-09,"NYMEX ","NG    ",2018-12-01,"rtcPrice",3.154
2017-10-10,"NYMEX ","NG    ",2018-01-01,"rtcPrice",3.189
2017-10-10,"NYMEX ","NG    ",2018-02-01,"rtcPrice",3.2
2017-10-10,"NYMEX ","NG    ",2018-03-01,"rtcPrice",3.166
2017-10-10,"NYMEX ","NG    ",2018-04-01,"rtcPrice",2.936
2017-10-10,"NYMEX ","NG    ",2018-05-01,"rtcPrice",2.914
2017-10-10,"NYMEX ","NG    ",2018-06-01,"rtcPrice",2.944
2017-10-10,"NYMEX ","NG    ",2018-07-01,"rtcPrice",2.973
2017-10-10,"NYMEX ","NG    ",2018-08-01,"rtcPrice",2.976
2017-10-10,"NYMEX ","NG    ",2018-09-01,"rtcPrice",2.959
2017-10-10,"NYMEX ","NG    ",2018-10-01,"rtcPrice",2.982
2017-10-10,"NYMEX ","NG    ",2018-11-01,"rtcPrice",3.036
2017-10-10,"NYMEX ","NG    ",2018-12-01,"rtcPrice",3.17
2017-10-11,"NYMEX ","NG    ",2018-01-01,"rtcPrice",3.181
2017-10-11,"NYMEX ","NG    ",2018-02-01,"rtcPrice",3.191
2017-10-11,"NYMEX ","NG    ",2018-03-01,"rtcPrice",3.154
2017-10-11,"NYMEX ","NG    ",2018-04-01,"rtcPrice",2.923
2017-10-11,"NYMEX ","NG    ",2018-05-01,"rtcPrice",2.899
2017-10-11,"NYMEX ","NG    ",2018-06-01,"rtcPrice",2.927
2017-10-11,"NYMEX ","NG    ",2018-07-01,"rtcPrice",2.956
2017-10-11,"NYMEX ","NG    ",2018-08-01,"rtcPrice",2.959
2017-10-11,"NYMEX ","NG    ",2018-09-01,"rtcPrice",2.942
2017-10-11,"NYMEX ","NG    ",2018-10-01,"rtcPrice",2.965
2017-10-11,"NYMEX ","NG    ",2018-11-01,"rtcPrice",3.018
2017-10-11,"NYMEX ","NG    ",2018-12-01,"rtcPrice",3.153
2017-10-12,"NYMEX ","NG    ",2018-01-01,"rtcPrice",3.251
2017-10-12,"NYMEX ","NG    ",2018-02-01,"rtcPrice",3.259
2017-10-12,"NYMEX ","NG    ",2018-03-01,"rtcPrice",3.219
2017-10-12,"NYMEX ","NG    ",2018-04-01,"rtcPrice",2.954
2017-10-12,"NYMEX ","NG    ",2018-05-01,"rtcPrice",2.926
2017-10-12,"NYMEX ","NG    ",2018-06-01,"rtcPrice",2.954
2017-10-12,"NYMEX ","NG    ",2018-07-01,"rtcPrice",2.982
2017-10-12,"NYMEX ","NG    ",2018-08-01,"rtcPrice",2.985
2017-10-12,"NYMEX ","NG    ",2018-09-01,"rtcPrice",2.967
2017-10-12,"NYMEX ","NG    ",2018-10-01,"rtcPrice",2.988
2017-10-12,"NYMEX ","NG    ",2018-11-01,"rtcPrice",3.04
2017-10-12,"NYMEX ","NG    ",2018-12-01,"rtcPrice",3.17
2017-10-13,"NYMEX ","NG    ",2018-01-01,"rtcPrice",3.271
2017-10-13,"NYMEX ","NG    ",2018-02-01,"rtcPrice",3.279
2017-10-13,"NYMEX ","NG    ",2018-03-01,"rtcPrice",3.241
2017-10-13,"NYMEX ","NG    ",2018-04-01,"rtcPrice",2.971
2017-10-13,"NYMEX ","NG    ",2018-05-01,"rtcPrice",2.944
2017-10-13,"NYMEX ","NG    ",2018-06-01,"rtcPrice",2.973
2017-10-13,"NYMEX ","NG    ",2018-07-01,"rtcPrice",3.002
2017-10-13,"NYMEX ","NG    ",2018-08-01,"rtcPrice",3.005
2017-10-13,"NYMEX ","NG    ",2018-09-01,"rtcPrice",2.987
2017-10-13,"NYMEX ","NG    ",2018-10-01,"rtcPrice",3.008
2017-10-13,"NYMEX ","NG    ",2018-11-01,"rtcPrice",3.06
2017-10-13,"NYMEX ","NG    ",2018-12-01,"rtcPrice",3.191
2017-10-16,"NYMEX ","NG    ",2018-01-01,"rtcPrice",3.227
2017-10-16,"NYMEX ","NG    ",2018-02-01,"rtcPrice",3.237
2017-10-16,"NYMEX ","NG    ",2018-03-01,"rtcPrice",3.202
2017-10-16,"NYMEX ","NG    ",2018-04-01,"rtcPrice",2.96
2017-10-16,"NYMEX ","NG    ",2018-05-01,"rtcPrice",2.937
2017-10-16,"NYMEX ","NG    ",2018-06-01,"rtcPrice",2.967
2017-10-16,"NYMEX ","NG    ",2018-07-01,"rtcPrice",2.998
2017-10-16,"NYMEX ","NG    ",2018-08-01,"rtcPrice",3.001
2017-10-16,"NYMEX ","NG    ",2018-09-01,"rtcPrice",2.983
2017-10-16,"NYMEX ","NG    ",2018-10-01,"rtcPrice",3.005
2017-10-16,"NYMEX ","NG    ",2018-11-01,"rtcPrice",3.058
2017-10-16,"NYMEX ","NG    ",2018-12-01,"rtcPrice",3.191
2017-10-17,"NYMEX ","NG    ",2018-01-01,"rtcPrice",3.248
2017-10-17,"NYMEX ","NG    ",2018-02-01,"rtcPrice",3.257
2017-10-17,"NYMEX ","NG    ",2018-03-01,"rtcPrice",3.218
2017-10-17,"NYMEX ","NG    ",2018-04-01,"rtcPrice",2.97
2017-10-17,"NYMEX ","NG    ",2018-05-01,"rtcPrice",2.946
2017-10-17,"NYMEX ","NG    ",2018-06-01,"rtcPrice",2.975
2017-10-17,"NYMEX ","NG    ",2018-07-01,"rtcPrice",3.005
2017-10-17,"NYMEX ","NG    ",2018-08-01,"rtcPrice",3.008
2017-10-17,"NYMEX ","NG    ",2018-09-01,"rtcPrice",2.989
2017-10-17,"NYMEX ","NG    ",2018-10-01,"rtcPrice",3.011
2017-10-17,"NYMEX ","NG    ",2018-11-01,"rtcPrice",3.065
2017-10-17,"NYMEX ","NG    ",2018-12-01,"rtcPrice",3.198
2017-10-18,"NYMEX ","NG    ",2018-01-01,"rtcPrice",3.194
2017-10-18,"NYMEX ","NG    ",2018-02-01,"rtcPrice",3.203
2017-10-18,"NYMEX ","NG    ",2018-03-01,"rtcPrice",3.164
2017-10-18,"NYMEX ","NG    ",2018-04-01,"rtcPrice",2.946
2017-10-18,"NYMEX ","NG    ",2018-05-01,"rtcPrice",2.926
2017-10-18,"NYMEX ","NG    ",2018-06-01,"rtcPrice",2.956
2017-10-18,"NYMEX ","NG    ",2018-07-01,"rtcPrice",2.987
2017-10-18,"NYMEX ","NG    ",2018-08-01,"rtcPrice",2.99
2017-10-18,"NYMEX ","NG    ",2018-09-01,"rtcPrice",2.972
2017-10-18,"NYMEX ","NG    ",2018-10-01,"rtcPrice",2.995
2017-10-18,"NYMEX ","NG    ",2018-11-01,"rtcPrice",3.052
2017-10-18,"NYMEX ","NG    ",2018-12-01,"rtcPrice",3.188
2017-10-19,"NYMEX ","NG    ",2018-01-01,"rtcPrice",3.218
2017-10-19,"NYMEX ","NG    ",2018-02-01,"rtcPrice",3.227
2017-10-19,"NYMEX ","NG    ",2018-03-01,"rtcPrice",3.188
2017-10-19,"NYMEX ","NG    ",2018-04-01,"rtcPrice",2.968
2017-10-19,"NYMEX ","NG    ",2018-05-01,"rtcPrice",2.947
2017-10-19,"NYMEX ","NG    ",2018-06-01,"rtcPrice",2.977
2017-10-19,"NYMEX ","NG    ",2018-07-01,"rtcPrice",3.008
2017-10-19,"NYMEX ","NG    ",2018-08-01,"rtcPrice",3.011
2017-10-19,"NYMEX ","NG    ",2018-09-01,"rtcPrice",2.992
2017-10-19,"NYMEX ","NG    ",2018-10-01,"rtcPrice",3.015
2017-10-19,"NYMEX ","NG    ",2018-11-01,"rtcPrice",3.071
2017-10-19,"NYMEX ","NG    ",2018-12-01,"rtcPrice",3.208
2017-10-20,"NYMEX ","NG    ",2018-01-01,"rtcPrice",3.241
2017-10-20,"NYMEX ","NG    ",2018-02-01,"rtcPrice",3.249
2017-10-20,"NYMEX ","NG    ",2018-03-01,"rtcPrice",3.208
2017-10-20,"NYMEX ","NG    ",2018-04-01,"rtcPrice",2.979
2017-10-20,"NYMEX ","NG    ",2018-05-01,"rtcPrice",2.956
2017-10-20,"NYMEX ","NG    ",2018-06-01,"rtcPrice",2.985
2017-10-20,"NYMEX ","NG    ",2018-07-01,"rtcPrice",3.015
2017-10-20,"NYMEX ","NG    ",2018-08-01,"rtcPrice",3.017
2017-10-20,"NYMEX ","NG    ",2018-09-01,"rtcPrice",2.999
2017-10-20,"NYMEX ","NG    ",2018-10-01,"rtcPrice",3.023
2017-10-20,"NYMEX ","NG    ",2018-11-01,"rtcPrice",3.077
2017-10-20,"NYMEX ","NG    ",2018-12-01,"rtcPrice",3.212
2017-10-23,"NYMEX ","NG    ",2018-01-01,"rtcPrice",3.28
2017-10-23,"NYMEX ","NG    ",2018-02-01,"rtcPrice",3.284
2017-10-23,"NYMEX ","NG    ",2018-03-01,"rtcPrice",3.24
2017-10-23,"NYMEX ","NG    ",2018-04-01,"rtcPrice",2.992
2017-10-23,"NYMEX ","NG    ",2018-05-01,"rtcPrice",2.966
2017-10-23,"NYMEX ","NG    ",2018-06-01,"rtcPrice",2.994
2017-10-23,"NYMEX ","NG    ",2018-07-01,"rtcPrice",3.022
2017-10-23,"NYMEX ","NG    ",2018-08-01,"rtcPrice",3.023
2017-10-23,"NYMEX ","NG    ",2018-09-01,"rtcPrice",3.005
2017-10-23,"NYMEX ","NG    ",2018-10-01,"rtcPrice",3.027
2017-10-23,"NYMEX ","NG    ",2018-11-01,"rtcPrice",3.08
2017-10-23,"NYMEX ","NG    ",2018-12-01,"rtcPrice",3.211
2017-10-24,"NYMEX ","NG    ",2018-01-01,"rtcPrice",3.257
2017-10-24,"NYMEX ","NG    ",2018-02-01,"rtcPrice",3.26
2017-10-24,"NYMEX ","NG    ",2018-03-01,"rtcPrice",3.216
2017-10-24,"NYMEX ","NG    ",2018-04-01,"rtcPrice",2.989
2017-10-24,"NYMEX ","NG    ",2018-05-01,"rtcPrice",2.964
2017-10-24,"NYMEX ","NG    ",2018-06-01,"rtcPrice",2.992
2017-10-24,"NYMEX ","NG    ",2018-07-01,"rtcPrice",3.02
2017-10-24,"NYMEX ","NG    ",2018-08-01,"rtcPrice",3.021
2017-10-24,"NYMEX ","NG    ",2018-09-01,"rtcPrice",3.002
2017-10-24,"NYMEX ","NG    ",2018-10-01,"rtcPrice",3.025
2017-10-24,"NYMEX ","NG    ",2018-11-01,"rtcPrice",3.077
2017-10-24,"NYMEX ","NG    ",2018-12-01,"rtcPrice",3.208
2017-10-25,"NYMEX ","NG    ",2018-01-01,"rtcPrice",3.203
2017-10-25,"NYMEX ","NG    ",2018-02-01,"rtcPrice",3.205
2017-10-25,"NYMEX ","NG    ",2018-03-01,"rtcPrice",3.165
2017-10-25,"NYMEX ","NG    ",2018-04-01,"rtcPrice",2.967
2017-10-25,"NYMEX ","NG    ",2018-05-01,"rtcPrice",2.947
2017-10-25,"NYMEX ","NG    ",2018-06-01,"rtcPrice",2.975
2017-10-25,"NYMEX ","NG    ",2018-07-01,"rtcPrice",3.003
2017-10-25,"NYMEX ","NG    ",2018-08-01,"rtcPrice",3.005
2017-10-25,"NYMEX ","NG    ",2018-09-01,"rtcPrice",2.987
2017-10-25,"NYMEX ","NG    ",2018-10-01,"rtcPrice",3.009
2017-10-25,"NYMEX ","NG    ",2018-11-01,"rtcPrice",3.062
2017-10-25,"NYMEX ","NG    ",2018-12-01,"rtcPrice",3.194
2017-10-26,"NYMEX ","NG    ",2018-01-01,"rtcPrice",3.175
2017-10-26,"NYMEX ","NG    ",2018-02-01,"rtcPrice",3.178
2017-10-26,"NYMEX ","NG    ",2018-03-01,"rtcPrice",3.139
2017-10-26,"NYMEX ","NG    ",2018-04-01,"rtcPrice",2.953
2017-10-26,"NYMEX ","NG    ",2018-05-01,"rtcPrice",2.933
2017-10-26,"NYMEX ","NG    ",2018-06-01,"rtcPrice",2.961
2017-10-26,"NYMEX ","NG    ",2018-07-01,"rtcPrice",2.99
2017-10-26,"NYMEX ","NG    ",2018-08-01,"rtcPrice",2.992
2017-10-26,"NYMEX ","NG    ",2018-09-01,"rtcPrice",2.974
2017-10-26,"NYMEX ","NG    ",2018-10-01,"rtcPrice",2.996
2017-10-26,"NYMEX ","NG    ",2018-11-01,"rtcPrice",3.049
2017-10-26,"NYMEX ","NG    ",2018-12-01,"rtcPrice",3.182
2017-10-27,"NYMEX ","NG    ",2018-01-01,"rtcPrice",3.102
2017-10-27,"NYMEX ","NG    ",2018-02-01,"rtcPrice",3.107
2017-10-27,"NYMEX ","NG    ",2018-03-01,"rtcPrice",3.069
2017-10-27,"NYMEX ","NG    ",2018-04-01,"rtcPrice",2.903
2017-10-27,"NYMEX ","NG    ",2018-05-01,"rtcPrice",2.888
2017-10-27,"NYMEX ","NG    ",2018-06-01,"rtcPrice",2.92
2017-10-27,"NYMEX ","NG    ",2018-07-01,"rtcPrice",2.952
2017-10-27,"NYMEX ","NG    ",2018-08-01,"rtcPrice",2.955
2017-10-27,"NYMEX ","NG    ",2018-09-01,"rtcPrice",2.938
2017-10-27,"NYMEX ","NG    ",2018-10-01,"rtcPrice",2.961
2017-10-27,"NYMEX ","NG    ",2018-11-01,"rtcPrice",3.016
2017-10-27,"NYMEX ","NG    ",2018-12-01,"rtcPrice",3.15
2017-10-30,"NYMEX ","NG    ",2018-01-01,"rtcPrice",3.1
2017-10-30,"NYMEX ","NG    ",2018-02-01,"rtcPrice",3.103
2017-10-30,"NYMEX ","NG    ",2018-03-01,"rtcPrice",3.066
2017-10-30,"NYMEX ","NG    ",2018-04-01,"rtcPrice",2.908
2017-10-30,"NYMEX ","NG    ",2018-05-01,"rtcPrice",2.893
2017-10-30,"NYMEX ","NG    ",2018-06-01,"rtcPrice",2.924
2017-10-30,"NYMEX ","NG    ",2018-07-01,"rtcPrice",2.955
2017-10-30,"NYMEX ","NG    ",2018-08-01,"rtcPrice",2.959
2017-10-30,"NYMEX ","NG    ",2018-09-01,"rtcPrice",2.942
2017-10-30,"NYMEX ","NG    ",2018-10-01,"rtcPrice",2.965
2017-10-30,"NYMEX ","NG    ",2018-11-01,"rtcPrice",3.02
2017-10-30,"NYMEX ","NG    ",2018-12-01,"rtcPrice",3.155
2017-10-31,"NYMEX ","NG    ",2018-01-01,"rtcPrice",3.026
2017-10-31,"NYMEX ","NG    ",2018-02-01,"rtcPrice",3.03
2017-10-31,"NYMEX ","NG    ",2018-03-01,"rtcPrice",3
2017-10-31,"NYMEX ","NG    ",2018-04-01,"rtcPrice",2.862
2017-10-31,"NYMEX ","NG    ",2018-05-01,"rtcPrice",2.851
2017-10-31,"NYMEX ","NG    ",2018-06-01,"rtcPrice",2.884
2017-10-31,"NYMEX ","NG    ",2018-07-01,"rtcPrice",2.918
2017-10-31,"NYMEX ","NG    ",2018-08-01,"rtcPrice",2.923
2017-10-31,"NYMEX ","NG    ",2018-09-01,"rtcPrice",2.906
2017-10-31,"NYMEX ","NG    ",2018-10-01,"rtcPrice",2.93
2017-10-31,"NYMEX ","NG    ",2018-11-01,"rtcPrice",2.988
2017-10-31,"NYMEX ","NG    ",2018-12-01,"rtcPrice",3.127
